type,residue_number,previous_aa,new_aa_1l,new_aa_3l,conversion,new_seq,fa_score,ddg_score,hbond_score,sasa_score,secondary_structure,diff_hbonds,diff_sasa,diff_secondary_structure
wild_type,NA,NA,NA,NA,NA,MQIFVKTLTGKTITLEVEPSDTIENVKAKIQDKEGIPPDQQRLIFAGKQLEDGRTLSDYNIQKESTLHLVLRLRGG,32.677753719260835,0.0,42,4742.242883782165,LEEEEEELLLLEEEEELLLLLEHHHHHHHHHHHHLLLHHHEEEEELLEELLLLLELHHHLLLLLLEEEEEELLLLL,0,0.0,0
single_aa_deletion,1,M,NA,NA,NA,QIFVKTLTGKTITLEVEPSDTIENVKAKIQDKEGIPPDQQRLIFAGKQLEDGRTLSDYNIQKESTLHLVLRLRGG,26692.20748572314,26659.529732003877,0,9244.604139184536,LLLLLLLLLLLLLLLLLLLLLLLLLLLLLLLLLLLLLLLLLLLLLLLLLLLLLLLLLLLLLLLLLLLLLLLLLLL,-40,4502.36125540237,44
single_aa_deletion,2,Q,NA,NA,NA,MIFVKTLTGKTITLEVEPSDTIENVKAKIQDKEGIPPDQQRLIFAGKQLEDGRTLSDYNIQKESTLHLVLRLRGG,26892.063335217033,26859.385581497772,0,9229.073842677422,LLLLLLLLLLLLLLLLLLLLLLLLLLLLLLLLLLLLLLLLLLLLLLLLLLLLLLLLLLLLLLLLLLLLLLLLLLL,-40,4486.830958895257,44
single_aa_deletion,3,I,NA,NA,NA,MQFVKTLTGKTITLEVEPSDTIENVKAKIQDKEGIPPDQQRLIFAGKQLEDGRTLSDYNIQKESTLHLVLRLRGG,27607.914365042063,27575.2366113228,0,9220.935131907787,LLLLLLLLLLLLLLLLLLLLLLLLLLLLLLLLLLLLLLLLLLLLLLLLLLLLLLLLLLLLLLLLLLLLLLLLLLL,-40,4478.6922481256215,44
single_aa_deletion,4,F,NA,NA,NA,MQIVKTLTGKTITLEVEPSDTIENVKAKIQDKEGIPPDQQRLIFAGKQLEDGRTLSDYNIQKESTLHLVLRLRGG,27544.602327595687,27511.924573876426,0,9193.6050599359,LLLLLLLLLLLLLLLLLLLLLLLLLLLLLLLLLLLLLLLLLLLLLLLLLLLLLLLLLLLLLLLLLLLLLLLLLLL,-40,4451.362176153735,44
single_aa_deletion,5,V,NA,NA,NA,MQIFKTLTGKTITLEVEPSDTIENVKAKIQDKEGIPPDQQRLIFAGKQLEDGRTLSDYNIQKESTLHLVLRLRGG,27750.55511405917,27717.87736033991,0,9209.263029217054,LLLLLLLLLLLLLLLLLLLLLLLLLLLLLLLLLLLLLLLLLLLLLLLLLLLLLLLLLLLLLLLLLLLLLLLLLLL,-40,4467.020145434889,44
single_aa_deletion,6,K,NA,NA,NA,MQIFVTLTGKTITLEVEPSDTIENVKAKIQDKEGIPPDQQRLIFAGKQLEDGRTLSDYNIQKESTLHLVLRLRGG,26892.41462248273,26859.73686876347,0,9218.439264535322,LLLLLLLLLLLLLLLLLLLLLLLLLLLLLLLLLLLLLLLLLLLLLLLLLLLLLLLLLLLLLLLLLLLLLLLLLLL,-40,4476.1963807531565,44
single_aa_deletion,7,T,NA,NA,NA,MQIFVKLTGKTITLEVEPSDTIENVKAKIQDKEGIPPDQQRLIFAGKQLEDGRTLSDYNIQKESTLHLVLRLRGG,27279.719787875118,27247.042034155857,0,9213.593889222953,LLLLLLLLLLLLLLLLLLLLLLLLLLLLLLLLLLLLLLLLLLLLLLLLLLLLLLLLLLLLLLLLLLLLLLLLLLL,-40,4471.351005440788,44
single_aa_deletion,8,L,NA,NA,NA,MQIFVKTTGKTITLEVEPSDTIENVKAKIQDKEGIPPDQQRLIFAGKQLEDGRTLSDYNIQKESTLHLVLRLRGG,26792.702859342196,26760.025105622935,0,9200.75082574451,LLLLLLLLLLLLLLLLLLLLLLLLLLLLLLLLLLLLLLLLLLLLLLLLLLLLLLLLLLLLLLLLLLLLLLLLLLL,-40,4458.507941962344,44
single_aa_deletion,9,T,NA,NA,NA,MQIFVKTLGKTITLEVEPSDTIENVKAKIQDKEGIPPDQQRLIFAGKQLEDGRTLSDYNIQKESTLHLVLRLRGG,27206.591250375677,27173.913496656416,0,9221.09908425921,LLLLLLLLLLLLLLLLLLLLLLLLLLLLLLLLLLLLLLLLLLLLLLLLLLLLLLLLLLLLLLLLLLLLLLLLLLL,-40,4478.856200477044,44
single_aa_deletion,10,G,NA,NA,NA,MQIFVKTLTKTITLEVEPSDTIENVKAKIQDKEGIPPDQQRLIFAGKQLEDGRTLSDYNIQKESTLHLVLRLRGG,27267.196561458524,27234.518807739263,0,9254.161585439513,LLLLLLLLLLLLLLLLLLLLLLLLLLLLLLLLLLLLLLLLLLLLLLLLLLLLLLLLLLLLLLLLLLLLLLLLLLL,-40,4511.918701657348,44
single_aa_deletion,11,K,NA,NA,NA,MQIFVKTLTGTITLEVEPSDTIENVKAKIQDKEGIPPDQQRLIFAGKQLEDGRTLSDYNIQKESTLHLVLRLRGG,26932.210717989263,26899.53296427,0,9228.825470689335,LLLLLLLLLLLLLLLLLLLLLLLLLLLLLLLLLLLLLLLLLLLLLLLLLLLLLLLLLLLLLLLLLLLLLLLLLLL,-40,4486.58258690717,44
single_aa_deletion,12,T,NA,NA,NA,MQIFVKTLTGKITLEVEPSDTIENVKAKIQDKEGIPPDQQRLIFAGKQLEDGRTLSDYNIQKESTLHLVLRLRGG,27246.5758821693,27213.89812845004,0,9217.861141673891,LLLLLLLLLLLLLLLLLLLLLLLLLLLLLLLLLLLLLLLLLLLLLLLLLLLLLLLLLLLLLLLLLLLLLLLLLLL,-40,4475.618257891726,44
single_aa_deletion,13,I,NA,NA,NA,MQIFVKTLTGKTTLEVEPSDTIENVKAKIQDKEGIPPDQQRLIFAGKQLEDGRTLSDYNIQKESTLHLVLRLRGG,27052.342102541163,27019.6643488219,0,9208.47226319658,LLLLLLLLLLLLLLLLLLLLLLLLLLLLLLLLLLLLLLLLLLLLLLLLLLLLLLLLLLLLLLLLLLLLLLLLLLL,-40,4466.229379414414,44
single_aa_deletion,14,T,NA,NA,NA,MQIFVKTLTGKTILEVEPSDTIENVKAKIQDKEGIPPDQQRLIFAGKQLEDGRTLSDYNIQKESTLHLVLRLRGG,27764.05674788926,27731.378994169998,0,9207.844146348352,LLLLLLLLLLLLLLLLLLLLLLLLLLLLLLLLLLLLLLLLLLLLLLLLLLLLLLLLLLLLLLLLLLLLLLLLLLL,-40,4465.601262566187,44
single_aa_deletion,15,L,NA,NA,NA,MQIFVKTLTGKTITEVEPSDTIENVKAKIQDKEGIPPDQQRLIFAGKQLEDGRTLSDYNIQKESTLHLVLRLRGG,26833.341926518042,26800.66417279878,0,9186.789277711203,LLLLLLLLLLLLLLLLLLLLLLLLLLLLLLLLLLLLLLLLLLLLLLLLLLLLLLLLLLLLLLLLLLLLLLLLLLL,-40,4444.546393929038,44
single_aa_deletion,16,E,NA,NA,NA,MQIFVKTLTGKTITLVEPSDTIENVKAKIQDKEGIPPDQQRLIFAGKQLEDGRTLSDYNIQKESTLHLVLRLRGG,27266.99627626922,27234.31852254996,0,9202.110700970457,LLLLLLLLLLLLLLLLLLLLLLLLLLLLLLLLLLLLLLLLLLLLLLLLLLLLLLLLLLLLLLLLLLLLLLLLLLL,-40,4459.867817188292,44
single_aa_deletion,17,V,NA,NA,NA,MQIFVKTLTGKTITLEEPSDTIENVKAKIQDKEGIPPDQQRLIFAGKQLEDGRTLSDYNIQKESTLHLVLRLRGG,27056.166446815845,27023.488693096584,0,9205.758532191352,LLLLLLLLLLLLLLLLLLLLLLLLLLLLLLLLLLLLLLLLLLLLLLLLLLLLLLLLLLLLLLLLLLLLLLLLLLL,-40,4463.515648409187,44
single_aa_deletion,18,E,NA,NA,NA,MQIFVKTLTGKTITLEVPSDTIENVKAKIQDKEGIPPDQQRLIFAGKQLEDGRTLSDYNIQKESTLHLVLRLRGG,26851.98409210634,26819.30633838708,0,9210.418902603009,LLLLLLLLLLLLLLLLLLLLLLLLLLLLLLLLLLLLLLLLLLLLLLLLLLLLLLLLLLLLLLLLLLLLLLLLLLL,-40,4468.176018820844,44
single_aa_deletion,19,P,NA,NA,NA,MQIFVKTLTGKTITLEVESDTIENVKAKIQDKEGIPPDQQRLIFAGKQLEDGRTLSDYNIQKESTLHLVLRLRGG,26981.025005180698,26948.347251461437,0,9207.62775654918,LLLLLLLLLLLLLLLLLLLLLLLLLLLLLLLLLLLLLLLLLLLLLLLLLLLLLLLLLLLLLLLLLLLLLLLLLLL,-40,4465.384872767015,44
single_aa_deletion,20,S,NA,NA,NA,MQIFVKTLTGKTITLEVEPDTIENVKAKIQDKEGIPPDQQRLIFAGKQLEDGRTLSDYNIQKESTLHLVLRLRGG,27158.62591478753,27125.94816106827,0,9220.731626517003,LLLLLLLLLLLLLLLLLLLLLLLLLLLLLLLLLLLLLLLLLLLLLLLLLLLLLLLLLLLLLLLLLLLLLLLLLLL,-40,4478.488742734838,44
single_aa_deletion,21,D,NA,NA,NA,MQIFVKTLTGKTITLEVEPSTIENVKAKIQDKEGIPPDQQRLIFAGKQLEDGRTLSDYNIQKESTLHLVLRLRGG,27152.379500168274,27119.701746449013,0,9209.685678148715,LLLLLLLLLLLLLLLLLLLLLLLLLLLLLLLLLLLLLLLLLLLLLLLLLLLLLLLLLLLLLLLLLLLLLLLLLLL,-40,4467.44279436655,44
single_aa_deletion,22,T,NA,NA,NA,MQIFVKTLTGKTITLEVEPSDIENVKAKIQDKEGIPPDQQRLIFAGKQLEDGRTLSDYNIQKESTLHLVLRLRGG,27280.32537345691,27247.64761973765,0,9210.915677607256,LLLLLLLLLLLLLLLLLLLLLLLLLLLLLLLLLLLLLLLLLLLLLLLLLLLLLLLLLLLLLLLLLLLLLLLLLLL,-40,4468.672793825091,44
single_aa_deletion,23,I,NA,NA,NA,MQIFVKTLTGKTITLEVEPSDTENVKAKIQDKEGIPPDQQRLIFAGKQLEDGRTLSDYNIQKESTLHLVLRLRGG,26789.07713885069,26756.39938513143,0,9204.642716050985,LLLLLLLLLLLLLLLLLLLLLLLLLLLLLLLLLLLLLLLLLLLLLLLLLLLLLLLLLLLLLLLLLLLLLLLLLLL,-40,4462.399832268819,44
single_aa_deletion,24,E,NA,NA,NA,MQIFVKTLTGKTITLEVEPSDTINVKAKIQDKEGIPPDQQRLIFAGKQLEDGRTLSDYNIQKESTLHLVLRLRGG,26737.714994243634,26705.037240524372,0,9204.088965742932,LLLLLLLLLLLLLLLLLLLLLLLLLLLLLLLLLLLLLLLLLLLLLLLLLLLLLLLLLLLLLLLLLLLLLLLLLLL,-40,4461.846081960767,44
single_aa_deletion,25,N,NA,NA,NA,MQIFVKTLTGKTITLEVEPSDTIEVKAKIQDKEGIPPDQQRLIFAGKQLEDGRTLSDYNIQKESTLHLVLRLRGG,27185.28227333323,27152.604519613968,0,9189.34340029559,LLLLLLLLLLLLLLLLLLLLLLLLLLLLLLLLLLLLLLLLLLLLLLLLLLLLLLLLLLLLLLLLLLLLLLLLLLL,-40,4447.100516513424,44
single_aa_deletion,26,V,NA,NA,NA,MQIFVKTLTGKTITLEVEPSDTIENKAKIQDKEGIPPDQQRLIFAGKQLEDGRTLSDYNIQKESTLHLVLRLRGG,27636.18150497488,27603.50375125562,0,9194.74569077972,LLLLLLLLLLLLLLLLLLLLLLLLLLLLLLLLLLLLLLLLLLLLLLLLLLLLLLLLLLLLLLLLLLLLLLLLLLL,-40,4452.502806997555,44
single_aa_deletion,27,K,NA,NA,NA,MQIFVKTLTGKTITLEVEPSDTIENVAKIQDKEGIPPDQQRLIFAGKQLEDGRTLSDYNIQKESTLHLVLRLRGG,26670.649295294785,26637.971541575524,0,9198.039856238012,LLLLLLLLLLLLLLLLLLLLLLLLLLLLLLLLLLLLLLLLLLLLLLLLLLLLLLLLLLLLLLLLLLLLLLLLLLL,-40,4455.796972455847,44
single_aa_deletion,28,A,NA,NA,NA,MQIFVKTLTGKTITLEVEPSDTIENVKKIQDKEGIPPDQQRLIFAGKQLEDGRTLSDYNIQKESTLHLVLRLRGG,27310.727484609146,27278.049730889885,0,9210.437984869497,LLLLLLLLLLLLLLLLLLLLLLLLLLLLLLLLLLLLLLLLLLLLLLLLLLLLLLLLLLLLLLLLLLLLLLLLLLL,-40,4468.195101087332,44
single_aa_deletion,29,K,NA,NA,NA,MQIFVKTLTGKTITLEVEPSDTIENVKAIQDKEGIPPDQQRLIFAGKQLEDGRTLSDYNIQKESTLHLVLRLRGG,27028.451426909232,26995.77367318997,0,9190.179428521331,LLLLLLLLLLLLLLLLLLLLLLLLLLLLLLLLLLLLLLLLLLLLLLLLLLLLLLLLLLLLLLLLLLLLLLLLLLL,-40,4447.936544739166,44
single_aa_deletion,30,I,NA,NA,NA,MQIFVKTLTGKTITLEVEPSDTIENVKAKQDKEGIPPDQQRLIFAGKQLEDGRTLSDYNIQKESTLHLVLRLRGG,26769.622410698375,26736.944656979114,0,9182.925103233247,LLLLLLLLLLLLLLLLLLLLLLLLLLLLLLLLLLLLLLLLLLLLLLLLLLLLLLLLLLLLLLLLLLLLLLLLLLL,-40,4440.682219451081,44
single_aa_deletion,31,Q,NA,NA,NA,MQIFVKTLTGKTITLEVEPSDTIENVKAKIDKEGIPPDQQRLIFAGKQLEDGRTLSDYNIQKESTLHLVLRLRGG,26974.812103602366,26942.134349883105,0,9193.2257417118,LLLLLLLLLLLLLLLLLLLLLLLLLLLLLLLLLLLLLLLLLLLLLLLLLLLLLLLLLLLLLLLLLLLLLLLLLLL,-40,4450.9828579296345,44
single_aa_deletion,32,D,NA,NA,NA,MQIFVKTLTGKTITLEVEPSDTIENVKAKIQKEGIPPDQQRLIFAGKQLEDGRTLSDYNIQKESTLHLVLRLRGG,27188.34662139902,27155.66886767976,0,9191.972083345618,LLLLLLLLLLLLLLLLLLLLLLLLLLLLLLLLLLLLLLLLLLLLLLLLLLLLLLLLLLLLLLLLLLLLLLLLLLL,-40,4449.729199563452,44
single_aa_deletion,33,K,NA,NA,NA,MQIFVKTLTGKTITLEVEPSDTIENVKAKIQDEGIPPDQQRLIFAGKQLEDGRTLSDYNIQKESTLHLVLRLRGG,26405.37314757169,26372.695393852428,0,9192.610167963128,LLLLLLLLLLLLLLLLLLLLLLLLLLLLLLLLLLLLLLLLLLLLLLLLLLLLLLLLLLLLLLLLLLLLLLLLLLL,-40,4450.367284180963,44
single_aa_deletion,34,E,NA,NA,NA,MQIFVKTLTGKTITLEVEPSDTIENVKAKIQDKGIPPDQQRLIFAGKQLEDGRTLSDYNIQKESTLHLVLRLRGG,27064.128781042065,27031.451027322804,0,9186.91335122847,LLLLLLLLLLLLLLLLLLLLLLLLLLLLLLLLLLLLLLLLLLLLLLLLLLLLLLLLLLLLLLLLLLLLLLLLLLL,-40,4444.670467446304,44
single_aa_deletion,35,G,NA,NA,NA,MQIFVKTLTGKTITLEVEPSDTIENVKAKIQDKEIPPDQQRLIFAGKQLEDGRTLSDYNIQKESTLHLVLRLRGG,27583.938942147885,27551.261188428623,0,9219.532112142731,LLLLLLLLLLLLLLLLLLLLLLLLLLLLLLLLLLLLLLLLLLLLLLLLLLLLLLLLLLLLLLLLLLLLLLLLLLL,-40,4477.289228360566,44
single_aa_deletion,36,I,NA,NA,NA,MQIFVKTLTGKTITLEVEPSDTIENVKAKIQDKEGPPDQQRLIFAGKQLEDGRTLSDYNIQKESTLHLVLRLRGG,27899.783041662795,27867.105287943534,0,9191.730366879749,LLLLLLLLLLLLLLLLLLLLLLLLLLLLLLLLLLLLLLLLLLLLLLLLLLLLLLLLLLLLLLLLLLLLLLLLLLL,-40,4449.487483097583,44
single_aa_deletion,37,P,NA,NA,NA,MQIFVKTLTGKTITLEVEPSDTIENVKAKIQDKEGIPDQQRLIFAGKQLEDGRTLSDYNIQKESTLHLVLRLRGG,27633.86534311302,27601.187589393758,0,9199.1961950451,LLLLLLLLLLLLLLLLLLLLLLLLLLLLLLLLLLLLLLLLLLLLLLLLLLLLLLLLLLLLLLLLLLLLLLLLLLL,-40,4456.953311262935,44
single_aa_deletion,38,P,NA,NA,NA,MQIFVKTLTGKTITLEVEPSDTIENVKAKIQDKEGIPDQQRLIFAGKQLEDGRTLSDYNIQKESTLHLVLRLRGG,27633.86534311302,27601.187589393758,0,9199.1961950451,LLLLLLLLLLLLLLLLLLLLLLLLLLLLLLLLLLLLLLLLLLLLLLLLLLLLLLLLLLLLLLLLLLLLLLLLLLL,-40,4456.953311262935,44
single_aa_deletion,39,D,NA,NA,NA,MQIFVKTLTGKTITLEVEPSDTIENVKAKIQDKEGIPPQQRLIFAGKQLEDGRTLSDYNIQKESTLHLVLRLRGG,27643.9408689715,27611.263115252237,0,9198.699466582964,LLLLLLLLLLLLLLLLLLLLLLLLLLLLLLLLLLLLLLLLLLLLLLLLLLLLLLLLLLLLLLLLLLLLLLLLLLL,-40,4456.456582800799,44
single_aa_deletion,40,Q,NA,NA,NA,MQIFVKTLTGKTITLEVEPSDTIENVKAKIQDKEGIPPDQRLIFAGKQLEDGRTLSDYNIQKESTLHLVLRLRGG,27116.480607760474,27083.802854041212,0,9201.465549708731,LLLLLLLLLLLLLLLLLLLLLLLLLLLLLLLLLLLLLLLLLLLLLLLLLLLLLLLLLLLLLLLLLLLLLLLLLLL,-40,4459.222665926566,44
single_aa_deletion,41,Q,NA,NA,NA,MQIFVKTLTGKTITLEVEPSDTIENVKAKIQDKEGIPPDQRLIFAGKQLEDGRTLSDYNIQKESTLHLVLRLRGG,27116.480607760474,27083.802854041212,0,9201.465549708731,LLLLLLLLLLLLLLLLLLLLLLLLLLLLLLLLLLLLLLLLLLLLLLLLLLLLLLLLLLLLLLLLLLLLLLLLLLL,-40,4459.222665926566,44
single_aa_deletion,42,R,NA,NA,NA,MQIFVKTLTGKTITLEVEPSDTIENVKAKIQDKEGIPPDQQLIFAGKQLEDGRTLSDYNIQKESTLHLVLRLRGG,26464.532074539187,26431.854320819926,0,9210.194499803314,LLLLLLLLLLLLLLLLLLLLLLLLLLLLLLLLLLLLLLLLLLLLLLLLLLLLLLLLLLLLLLLLLLLLLLLLLLL,-40,4467.951616021149,44
single_aa_deletion,43,L,NA,NA,NA,MQIFVKTLTGKTITLEVEPSDTIENVKAKIQDKEGIPPDQQRIFAGKQLEDGRTLSDYNIQKESTLHLVLRLRGG,26898.112139084857,26865.434385365596,0,9190.607259141616,LLLLLLLLLLLLLLLLLLLLLLLLLLLLLLLLLLLLLLLLLLLLLLLLLLLLLLLLLLLLLLLLLLLLLLLLLLL,-40,4448.364375359451,44
single_aa_deletion,44,I,NA,NA,NA,MQIFVKTLTGKTITLEVEPSDTIENVKAKIQDKEGIPPDQQRLFAGKQLEDGRTLSDYNIQKESTLHLVLRLRGG,27823.845295527626,27791.167541808365,0,9209.07618590286,LLLLLLLLLLLLLLLLLLLLLLLLLLLLLLLLLLLLLLLLLLLLLLLLLLLLLLLLLLLLLLLLLLLLLLLLLLL,-40,4466.833302120695,44
single_aa_deletion,45,F,NA,NA,NA,MQIFVKTLTGKTITLEVEPSDTIENVKAKIQDKEGIPPDQQRLIAGKQLEDGRTLSDYNIQKESTLHLVLRLRGG,27339.825848471843,27307.14809475258,0,9200.77482596098,LLLLLLLLLLLLLLLLLLLLLLLLLLLLLLLLLLLLLLLLLLLLLLLLLLLLLLLLLLLLLLLLLLLLLLLLLLL,-40,4458.5319421788145,44
single_aa_deletion,46,A,NA,NA,NA,MQIFVKTLTGKTITLEVEPSDTIENVKAKIQDKEGIPPDQQRLIFGKQLEDGRTLSDYNIQKESTLHLVLRLRGG,28076.209054167794,28043.531300448532,0,9229.866912532507,LLLLLLLLLLLLLLLLLLLLLLLLLLLLLLLLLLLLLLLLLLLLLLLLLLLLLLLLLLLLLLLLLLLLLLLLLLL,-40,4487.6240287503415,44
single_aa_deletion,47,G,NA,NA,NA,MQIFVKTLTGKTITLEVEPSDTIENVKAKIQDKEGIPPDQQRLIFAKQLEDGRTLSDYNIQKESTLHLVLRLRGG,27204.125006875955,27171.447253156693,0,9232.024263600277,LLLLLLLLLLLLLLLLLLLLLLLLLLLLLLLLLLLLLLLLLLLLLLLLLLLLLLLLLLLLLLLLLLLLLLLLLLL,-40,4489.781379818111,44
single_aa_deletion,48,K,NA,NA,NA,MQIFVKTLTGKTITLEVEPSDTIENVKAKIQDKEGIPPDQQRLIFAGQLEDGRTLSDYNIQKESTLHLVLRLRGG,26315.57252215973,26282.89476844047,0,9213.301876246547,LLLLLLLLLLLLLLLLLLLLLLLLLLLLLLLLLLLLLLLLLLLLLLLLLLLLLLLLLLLLLLLLLLLLLLLLLLL,-40,4471.058992464382,44
single_aa_deletion,49,Q,NA,NA,NA,MQIFVKTLTGKTITLEVEPSDTIENVKAKIQDKEGIPPDQQRLIFAGKLEDGRTLSDYNIQKESTLHLVLRLRGG,26543.822772837026,26511.145019117765,0,9211.333222420484,LLLLLLLLLLLLLLLLLLLLLLLLLLLLLLLLLLLLLLLLLLLLLLLLLLLLLLLLLLLLLLLLLLLLLLLLLLL,-40,4469.090338638319,44
single_aa_deletion,50,L,NA,NA,NA,MQIFVKTLTGKTITLEVEPSDTIENVKAKIQDKEGIPPDQQRLIFAGKQEDGRTLSDYNIQKESTLHLVLRLRGG,26825.223516463313,26792.545762744052,0,9198.600386180578,LLLLLLLLLLLLLLLLLLLLLLLLLLLLLLLLLLLLLLLLLLLLLLLLLLLLLLLLLLLLLLLLLLLLLLLLLLL,-40,4456.357502398413,44
single_aa_deletion,51,E,NA,NA,NA,MQIFVKTLTGKTITLEVEPSDTIENVKAKIQDKEGIPPDQQRLIFAGKQLDGRTLSDYNIQKESTLHLVLRLRGG,26718.421008851707,26685.743255132445,0,9221.401336500558,LLLLLLLLLLLLLLLLLLLLLLLLLLLLLLLLLLLLLLLLLLLLLLLLLLLLLLLLLLLLLLLLLLLLLLLLLLL,-40,4479.158452718392,44
single_aa_deletion,52,D,NA,NA,NA,MQIFVKTLTGKTITLEVEPSDTIENVKAKIQDKEGIPPDQQRLIFAGKQLEGRTLSDYNIQKESTLHLVLRLRGG,27088.50654335394,27055.828789634677,0,9217.191416176292,LLLLLLLLLLLLLLLLLLLLLLLLLLLLLLLLLLLLLLLLLLLLLLLLLLLLLLLLLLLLLLLLLLLLLLLLLLL,-40,4474.948532394127,44
single_aa_deletion,53,G,NA,NA,NA,MQIFVKTLTGKTITLEVEPSDTIENVKAKIQDKEGIPPDQQRLIFAGKQLEDRTLSDYNIQKESTLHLVLRLRGG,27754.842586360744,27722.164832641483,0,9241.623047008954,LLLLLLLLLLLLLLLLLLLLLLLLLLLLLLLLLLLLLLLLLLLLLLLLLLLLLLLLLLLLLLLLLLLLLLLLLLL,-40,4499.380163226789,44
single_aa_deletion,54,R,NA,NA,NA,MQIFVKTLTGKTITLEVEPSDTIENVKAKIQDKEGIPPDQQRLIFAGKQLEDGTLSDYNIQKESTLHLVLRLRGG,26966.236326311875,26933.558572592614,0,9222.747598158336,LLLLLLLLLLLLLLLLLLLLLLLLLLLLLLLLLLLLLLLLLLLLLLLLLLLLLLLLLLLLLLLLLLLLLLLLLLL,-40,4480.50471437617,44
single_aa_deletion,55,T,NA,NA,NA,MQIFVKTLTGKTITLEVEPSDTIENVKAKIQDKEGIPPDQQRLIFAGKQLEDGRLSDYNIQKESTLHLVLRLRGG,27439.48325716501,27406.80550344575,0,9212.943967394604,LLLLLLLLLLLLLLLLLLLLLLLLLLLLLLLLLLLLLLLLLLLLLLLLLLLLLLLLLLLLLLLLLLLLLLLLLLL,-40,4470.701083612438,44
single_aa_deletion,56,L,NA,NA,NA,MQIFVKTLTGKTITLEVEPSDTIENVKAKIQDKEGIPPDQQRLIFAGKQLEDGRTSDYNIQKESTLHLVLRLRGG,27310.95907929072,27278.281325571457,0,9193.82773292038,LLLLLLLLLLLLLLLLLLLLLLLLLLLLLLLLLLLLLLLLLLLLLLLLLLLLLLLLLLLLLLLLLLLLLLLLLLL,-40,4451.584849138214,44
single_aa_deletion,57,S,NA,NA,NA,MQIFVKTLTGKTITLEVEPSDTIENVKAKIQDKEGIPPDQQRLIFAGKQLEDGRTLDYNIQKESTLHLVLRLRGG,27158.294004070005,27125.616250350744,0,9207.174459635853,LLLLLLLLLLLLLLLLLLLLLLLLLLLLLLLLLLLLLLLLLLLLLLLLLLLLLLLLLLLLLLLLLLLLLLLLLLL,-40,4464.931575853688,44
single_aa_deletion,58,D,NA,NA,NA,MQIFVKTLTGKTITLEVEPSDTIENVKAKIQDKEGIPPDQQRLIFAGKQLEDGRTLSYNIQKESTLHLVLRLRGG,27147.38280637054,27114.70505265128,0,9196.470983651903,LLLLLLLLLLLLLLLLLLLLLLLLLLLLLLLLLLLLLLLLLLLLLLLLLLLLLLLLLLLLLLLLLLLLLLLLLLL,-40,4454.228099869738,44
single_aa_deletion,59,Y,NA,NA,NA,MQIFVKTLTGKTITLEVEPSDTIENVKAKIQDKEGIPPDQQRLIFAGKQLEDGRTLSDNIQKESTLHLVLRLRGG,26964.308694360385,26931.630940641124,0,9181.733749242856,LLLLLLLLLLLLLLLLLLLLLLLLLLLLLLLLLLLLLLLLLLLLLLLLLLLLLLLLLLLLLLLLLLLLLLLLLLL,-40,4439.490865460691,44
single_aa_deletion,60,N,NA,NA,NA,MQIFVKTLTGKTITLEVEPSDTIENVKAKIQDKEGIPPDQQRLIFAGKQLEDGRTLSDYIQKESTLHLVLRLRGG,27058.27079557488,27025.59304185562,0,9203.984222716754,LLLLLLLLLLLLLLLLLLLLLLLLLLLLLLLLLLLLLLLLLLLLLLLLLLLLLLLLLLLLLLLLLLLLLLLLLLL,-40,4461.741338934588,44
single_aa_deletion,61,I,NA,NA,NA,MQIFVKTLTGKTITLEVEPSDTIENVKAKIQDKEGIPPDQQRLIFAGKQLEDGRTLSDYNQKESTLHLVLRLRGG,26714.689387819028,26682.011634099767,0,9208.051856043376,LLLLLLLLLLLLLLLLLLLLLLLLLLLLLLLLLLLLLLLLLLLLLLLLLLLLLLLLLLLLLLLLLLLLLLLLLLL,-40,4465.80897226121,44
single_aa_deletion,62,Q,NA,NA,NA,MQIFVKTLTGKTITLEVEPSDTIENVKAKIQDKEGIPPDQQRLIFAGKQLEDGRTLSDYNIKESTLHLVLRLRGG,27110.228948072287,27077.551194353025,0,9206.07542968438,LLLLLLLLLLLLLLLLLLLLLLLLLLLLLLLLLLLLLLLLLLLLLLLLLLLLLLLLLLLLLLLLLLLLLLLLLLL,-40,4463.832545902215,44
single_aa_deletion,63,K,NA,NA,NA,MQIFVKTLTGKTITLEVEPSDTIENVKAKIQDKEGIPPDQQRLIFAGKQLEDGRTLSDYNIQESTLHLVLRLRGG,26331.559425495903,26298.881671776642,0,9207.837498583158,LLLLLLLLLLLLLLLLLLLLLLLLLLLLLLLLLLLLLLLLLLLLLLLLLLLLLLLLLLLLLLLLLLLLLLLLLLL,-40,4465.5946148009925,44
single_aa_deletion,64,E,NA,NA,NA,MQIFVKTLTGKTITLEVEPSDTIENVKAKIQDKEGIPPDQQRLIFAGKQLEDGRTLSDYNIQKSTLHLVLRLRGG,26664.971120683862,26632.2933669646,0,9199.316149585335,LLLLLLLLLLLLLLLLLLLLLLLLLLLLLLLLLLLLLLLLLLLLLLLLLLLLLLLLLLLLLLLLLLLLLLLLLLL,-40,4457.073265803169,44
single_aa_deletion,65,S,NA,NA,NA,MQIFVKTLTGKTITLEVEPSDTIENVKAKIQDKEGIPPDQQRLIFAGKQLEDGRTLSDYNIQKETLHLVLRLRGG,27544.713802999064,27512.036049279803,0,9213.513472208042,LLLLLLLLLLLLLLLLLLLLLLLLLLLLLLLLLLLLLLLLLLLLLLLLLLLLLLLLLLLLLLLLLLLLLLLLLLL,-40,4471.270588425877,44
single_aa_deletion,66,T,NA,NA,NA,MQIFVKTLTGKTITLEVEPSDTIENVKAKIQDKEGIPPDQQRLIFAGKQLEDGRTLSDYNIQKESLHLVLRLRGG,27690.532240826957,27657.854487107696,0,9206.924792225609,LLLLLLLLLLLLLLLLLLLLLLLLLLLLLLLLLLLLLLLLLLLLLLLLLLLLLLLLLLLLLLLLLLLLLLLLLLL,-40,4464.681908443444,44
single_aa_deletion,67,L,NA,NA,NA,MQIFVKTLTGKTITLEVEPSDTIENVKAKIQDKEGIPPDQQRLIFAGKQLEDGRTLSDYNIQKESTHLVLRLRGG,26755.76155638687,26723.08380266761,0,9188.492369995296,LLLLLLLLLLLLLLLLLLLLLLLLLLLLLLLLLLLLLLLLLLLLLLLLLLLLLLLLLLLLLLLLLLLLLLLLLLL,-40,4446.249486213131,44
single_aa_deletion,68,H,NA,NA,NA,MQIFVKTLTGKTITLEVEPSDTIENVKAKIQDKEGIPPDQQRLIFAGKQLEDGRTLSDYNIQKESTLLVLRLRGG,28134.228022811483,28101.550269092222,0,9179.159768690091,LLLLLLLLLLLLLLLLLLLLLLLLLLLLLLLLLLLLLLLLLLLLLLLLLLLLLLLLLLLLLLLLLLLLLLLLLLL,-40,4436.916884907926,44
single_aa_deletion,69,L,NA,NA,NA,MQIFVKTLTGKTITLEVEPSDTIENVKAKIQDKEGIPPDQQRLIFAGKQLEDGRTLSDYNIQKESTLHVLRLRGG,27314.37179536275,27281.694041643488,0,9186.847145072179,LLLLLLLLLLLLLLLLLLLLLLLLLLLLLLLLLLLLLLLLLLLLLLLLLLLLLLLLLLLLLLLLLLLLLLLLLLL,-40,4444.604261290014,44
single_aa_deletion,70,V,NA,NA,NA,MQIFVKTLTGKTITLEVEPSDTIENVKAKIQDKEGIPPDQQRLIFAGKQLEDGRTLSDYNIQKESTLHLLRLRGG,27069.3875621236,27036.70980840434,0,9198.535041053387,LLLLLLLLLLLLLLLLLLLLLLLLLLLLLLLLLLLLLLLLLLLLLLLLLLLLLLLLLLLLLLLLLLLLLLLLLLL,-40,4456.292157271221,44
single_aa_deletion,71,L,NA,NA,NA,MQIFVKTLTGKTITLEVEPSDTIENVKAKIQDKEGIPPDQQRLIFAGKQLEDGRTLSDYNIQKESTLHLVRLRGG,28012.43723252302,27979.75947880376,0,9175.576413810277,LLLLLLLLLLLLLLLLLLLLLLLLLLLLLLLLLLLLLLLLLLLLLLLLLLLLLLLLLLLLLLLLLLLLLLLLLLL,-40,4433.333530028111,44
single_aa_deletion,72,R,NA,NA,NA,MQIFVKTLTGKTITLEVEPSDTIENVKAKIQDKEGIPPDQQRLIFAGKQLEDGRTLSDYNIQKESTLHLVLLRGG,26106.585462792897,26073.907709073635,0,9199.287239175901,LLLLLLLLLLLLLLLLLLLLLLLLLLLLLLLLLLLLLLLLLLLLLLLLLLLLLLLLLLLLLLLLLLLLLLLLLLL,-40,4457.044355393736,44
single_aa_deletion,73,L,NA,NA,NA,MQIFVKTLTGKTITLEVEPSDTIENVKAKIQDKEGIPPDQQRLIFAGKQLEDGRTLSDYNIQKESTLHLVLRRGG,26936.966574112063,26904.2888203928,0,9179.049843975288,LLLLLLLLLLLLLLLLLLLLLLLLLLLLLLLLLLLLLLLLLLLLLLLLLLLLLLLLLLLLLLLLLLLLLLLLLLL,-40,4436.806960193123,44
single_aa_deletion,74,R,NA,NA,NA,MQIFVKTLTGKTITLEVEPSDTIENVKAKIQDKEGIPPDQQRLIFAGKQLEDGRTLSDYNIQKESTLHLVLRLGG,26405.098857374196,26372.421103654935,0,9197.431612872197,LLLLLLLLLLLLLLLLLLLLLLLLLLLLLLLLLLLLLLLLLLLLLLLLLLLLLLLLLLLLLLLLLLLLLLLLLLL,-40,4455.188729090031,44
single_aa_deletion,75,G,NA,NA,NA,MQIFVKTLTGKTITLEVEPSDTIENVKAKIQDKEGIPPDQQRLIFAGKQLEDGRTLSDYNIQKESTLHLVLRLRG,27189.499971549816,27156.822217830555,0,9226.964321388174,LLLLLLLLLLLLLLLLLLLLLLLLLLLLLLLLLLLLLLLLLLLLLLLLLLLLLLLLLLLLLLLLLLLLLLLLLLL,-40,4484.721437606008,44
single_aa_deletion,76,G,NA,NA,NA,MQIFVKTLTGKTITLEVEPSDTIENVKAKIQDKEGIPPDQQRLIFAGKQLEDGRTLSDYNIQKESTLHLVLRLRG,27189.499971549816,27156.822217830555,0,9226.964321388174,LLLLLLLLLLLLLLLLLLLLLLLLLLLLLLLLLLLLLLLLLLLLLLLLLLLLLLLLLLLLLLLLLLLLLLLLLLL,-40,4484.721437606008,44
